,SN,YT,TV,sales,views_SN,views_YT,views_TV
1,230.1,37.8,69.2,22.1,1643571,270000,384444
2,44.5,39.3,45.1,10.4,342308,280714,250556
3,17.2,45.9,69.3,9.3,143333,327857,433125
4,151.5,41.3,58.5,18.5,1082143,258125,365625
5,180.8,10.8,58.4,12.9,1390769,67500,343529
6,8.7,48.9,75,7.2,66923,305625,441176
7,57.5,32.8,23.5,11.8,442308,234286,138235
8,120.2,19.6,11.6,13.2,858571,140000,72500
9,8.6,2.1,1,4.8,61429,14000,5882
10,199.8,2.6,21.2,10.6,1665000,18571,117778
11,66.1,5.8,24.2,8.6,508462,38667,134444
12,214.7,24,4,17.4,1651538,160000,22222
13,23.8,35.1,65.9,9.2,198333,219375,387647
14,97.5,7.6,7.2,9.7,812500,47500,42353
15,204.1,32.9,46,19,1700833,219333,255556
16,195.4,47.7,52.9,22.4,1628333,340714,330625
17,67.8,36.6,114,12.5,521538,228750,670588
18,281.4,39.6,55.8,24.4,2010000,264000,328235
19,69.2,20.5,18.3,11.3,532308,128125,101667
20,147.3,23.9,19.1,14.6,1052143,170714,106111
21,218.4,27.7,53.4,18,1560000,184667,314118
22,237.4,5.1,23.5,12.5,1978333,31875,138235
23,13.2,15.9,49.6,5.6,110000,99375,291765
24,228.3,16.9,26.2,15.5,1902500,112667,163750
25,62.3,12.6,18.3,9.7,519167,84000,101667
26,262.9,3.5,19.5,12,2190833,23333,121875
27,142.9,29.3,12.6,15,1020714,183125,78750
28,240.1,16.7,22.9,15.9,1846923,104375,134706
29,248.8,27.1,22.9,18.9,2073333,169375,143125
30,70.6,16,40.8,10.5,588333,106667,255000
31,292.9,28.3,43.2,21.4,2092143,202143,254118
32,112.9,17.4,38.6,11.9,806429,116000,214444
33,97.2,1.5,30,9.6,694286,9375,166667
34,265.6,20,0.3,17.4,2213333,133333,1765
35,95.7,1.4,7.4,9.5,797500,9333,41111
36,290.7,4.1,8.5,12.8,2422500,27333,53125
37,266.9,43.8,5,25.4,1906429,273750,27778
38,74.7,49.4,45.7,14.7,574615,329333,253889
39,43.1,26.7,35.1,10.1,307857,166875,206471
40,228,37.7,32,21.5,1900000,269286,200000
41,202.5,22.3,31.6,16.6,1557692,159286,185882
42,177,33.4,38.7,17.1,1264286,222667,241875
43,293.6,27.7,1.8,20.7,2097143,173125,11250
44,206.9,8.4,26.4,12.9,1477857,60000,165000
45,25.1,25.7,43.3,8.5,209167,183571,270625
46,175.1,22.5,31.5,14.9,1459167,160714,175000
47,89.7,9.9,35.7,10.6,640714,66000,210000
48,239.9,41.5,18.5,23.2,1713571,259375,115625
49,227.2,15.8,49.9,14.8,1622857,105333,293529
50,66.9,11.7,36.8,9.7,514615,73125,204444
51,199.8,3.1,34.6,11.4,1427143,20667,216250
52,100.4,9.6,3.6,10.7,717143,60000,22500
53,216.4,41.7,39.6,22.6,1664615,297857,232941
54,182.6,46.2,58.7,21.2,1404615,288750,345294
55,262.7,28.8,15.9,20.2,2020769,205714,93529
56,198.9,49.4,60,23.7,1530000,308750,333333
57,7.3,28.1,41.4,5.5,52143,187333,243529
58,136.2,19.2,16.6,13.2,972857,137143,103750
59,210.8,49.6,37.7,23.8,1505714,330667,209444
60,210.7,29.5,9.3,18.4,1755833,210714,51667
61,53.5,2,21.4,8.1,411538,12500,118889
62,261.3,42.7,54.7,24.2,1866429,305000,303889
63,239.3,15.5,27.3,15.7,1709286,103333,160588
64,102.7,29.6,8.4,14,790000,185000,49412
65,131.1,42.8,28.9,18,1092500,285333,160556
66,69,9.3,0.9,9.3,492857,62000,5294
67,31.5,24.6,2.2,9.5,262500,164000,12941
68,139.3,14.5,10.2,13.4,1160833,103571,56667
69,237.4,27.5,11,18.9,1826154,196429,64706
70,216.8,43.9,27.2,22.3,1806667,313571,160000
71,199.1,30.6,38.7,18.3,1659167,204000,227647
72,109.8,14.3,31.7,12.4,844615,95333,186471
73,26.8,33,19.3,8.8,223333,235714,113529
74,129.4,5.7,31.3,11,1078333,38000,195625
75,213.4,24.6,13.1,17,1524286,164000,77059
76,16.9,43.7,89.4,8.7,130000,291333,558750
77,27.5,1.6,20.7,6.9,211538,10667,121765
78,120.5,28.5,14.2,14.2,926923,190000,88750
79,5.4,29.9,9.4,5.3,41538,186875,52222
80,116,7.7,23.1,11,966667,48125,128333
81,76.4,26.7,22.3,11.8,587692,190714,139375
82,239.8,4.1,36.9,12.3,1998333,29286,217059
83,75.3,20.3,32.5,11.3,627500,135333,180556
84,68.4,44.5,35.6,13.6,526154,296667,197778
85,213.5,43,33.8,21.7,1525000,268750,198824
86,193.2,18.4,65.7,15.2,1380000,115000,410625
87,76.3,27.5,16,12,635833,196429,94118
88,110.7,40.6,63.2,16,851538,270667,371765
89,88.3,25.5,73.4,12.9,679231,159375,458750
90,109.8,47.8,51.4,16.7,784286,341429,285556
91,134.3,4.9,9.3,11.2,1033077,35000,51667
92,28.6,1.5,33,7.3,220000,9375,183333
93,217.7,33.5,59,19.4,1814167,239286,327778
94,250.9,36.5,72.3,22.2,2090833,228125,401667
95,107.4,14,10.9,11.5,895000,100000,64118
96,163.3,31.6,52.9,16.9,1166429,225714,330625
97,197.6,3.5,5.9,11.7,1646667,23333,36875
98,184.9,21,22,15.5,1422308,131250,129412
99,289.7,42.3,51.2,25.4,2414167,282000,284444
100,135.2,41.7,45.9,17.2,965714,297857,255000
101,222.4,4.3,49.8,11.7,1853333,30714,276667
102,296.4,36.3,100.9,23.8,2470000,242000,560556
103,280.2,10.1,21.4,14.8,2335000,63125,133750
104,187.9,17.2,17.9,14.7,1565833,122857,105294
105,238.2,34.3,5.3,20.7,1701429,214375,29444
106,137.9,46.4,59,19.2,985000,309333,327778
107,25,11,29.7,7.2,192308,78571,165000
108,90.4,0.3,23.2,8.7,645714,2000,128889
109,13.1,0.4,25.6,5.3,109167,2500,160000
110,255.4,26.9,5.5,19.8,1964615,192143,30556
111,225.8,8.2,56.5,13.4,1612857,51250,313889
112,241.7,38,23.2,21.8,1859231,271429,145000
113,175.7,15.4,2.4,14.1,1464167,110000,15000
114,209.6,20.6,10.7,15.9,1746667,147143,66875
115,78.2,46.8,34.5,14.6,651667,292500,215625
116,75.1,35,52.7,12.6,625833,233333,310000
117,139.2,14.3,25.6,12.2,1070769,95333,160000
118,76.4,0.8,14.8,9.4,545714,5000,82222
119,125.7,36.9,79.2,15.9,897857,246000,465882
120,19.4,16,22.3,6.6,138571,106667,139375
121,141.3,26.8,46.2,15.5,1009286,191429,271765
122,18.8,21.7,50.4,7,156667,155000,296471
123,224,2.4,15.6,11.6,1600000,16000,86667
124,123.1,34.6,12.4,15.2,879286,247143,77500
125,229.5,32.3,74.2,19.7,1912500,215333,463750
126,87.2,11.8,25.9,10.6,670769,84286,152353
127,7.8,38.9,50.6,6.6,55714,277857,281111
128,80.2,0,9.2,8.8,668333,1,54118
129,220.3,49,3.2,24.7,1835833,350000,17778
130,59.6,12,43.1,9.7,496667,80000,253529
131,0.7,39.6,8.7,1.6,5000,247500,54375
132,265.2,2.9,43,12.7,2210000,19333,252941
133,8.4,27.2,2.1,5.7,70000,194286,12353
134,219.8,33.5,45.1,19.6,1690769,223333,265294
135,36.9,38.6,65.6,10.8,263571,257333,410000
136,48.3,47,8.5,11.6,371538,335714,47222
137,25.6,39,9.3,9.5,182857,278571,58125
138,273.7,28.9,59.7,20.8,1955000,192667,331667
139,43,25.9,20.5,9.6,307143,172667,113889
140,184.9,43.9,1.7,20.7,1320714,313571,10625
141,73.4,17,12.9,10.9,524286,106250,80625
142,193.7,35.4,75.6,19.2,1490000,236000,472500
143,220.5,33.2,37.9,20.1,1696154,207500,210556
144,104.6,5.7,34.4,10.4,871667,40714,191111
145,96.2,14.8,38.9,11.4,801667,98667,216111
146,140.3,1.9,9,10.3,1079231,11875,50000
147,240.1,7.3,8.7,13.2,1846923,52143,51176
148,243.2,49,44.3,25.4,1870769,306250,260588
149,38,40.3,11.9,10.9,271429,287857,66111
150,44.7,25.8,20.6,10.1,372500,172000,128750
151,280.7,13.9,37,16.1,2159231,86875,231250
152,121,8.4,48.7,11.6,930769,60000,286471
153,197.6,23.3,14.2,16.6,1520000,145625,83529
154,171.3,39.7,37.7,19,1317692,283571,235625
155,187.8,21.1,9.5,15.6,1341429,150714,55882
156,4.1,11.6,5.7,3.2,29286,72500,33529
157,93.9,43.5,50.5,15.3,782500,290000,280556
158,149.8,1.3,24.3,10.1,1248333,8125,151875
159,11.7,36.9,45.2,7.3,90000,263571,265882
160,131.7,18.4,34.6,12.9,1013077,122667,203529
161,172.5,18.1,30.7,14.4,1437500,129286,180588
162,85.7,35.8,49.3,13.3,714167,223750,308125
163,188.4,18.1,25.6,14.9,1449231,129286,160000
164,163.5,36.8,7.4,18,1257692,262857,46250
165,117.2,14.7,5.4,11.9,837143,105000,31765
166,234.5,3.4,84.8,11.9,1954167,21250,471111
167,17.9,37.6,21.6,8,127857,235000,135000
168,206.8,5.2,19.4,12.2,1723333,37143,114118
169,215.4,23.6,57.6,17.1,1538571,157333,320000
170,284.3,10.6,6.4,15,2030714,70667,35556
171,50,11.6,18.4,8.4,357143,77333,102222
172,164.5,20.9,47.4,14.5,1265385,149286,296250
173,19.6,20.1,17,7.6,150769,125625,94444
174,168.4,7.1,12.8,11.7,1403333,44375,71111
175,222.4,3.4,13.1,11.5,1588571,24286,72778
176,276.9,48.9,41.8,27,2307500,349286,232222
177,248.4,30.2,20.3,20.2,1910769,201333,119412
178,170.2,7.8,35.2,11.7,1418333,52000,195556
179,276.7,2.3,23.7,11.8,1976429,15333,131667
180,165.6,10,17.6,12.6,1380000,71429,110000
181,156.6,2.6,8.3,10.5,1204615,18571,51875
182,218.5,5.4,27.4,12.2,1820833,36000,161176
183,56.2,5.7,29.7,8.7,432308,38000,174706
184,287.6,43,71.8,26.2,2212308,307143,422353
185,253.8,21.3,30,17.6,1812857,133125,176471
186,205,45.1,19.6,22.6,1464286,322143,122500
187,139.5,2.1,26.6,10.3,1073077,15000,156471
188,191.1,28.7,18.2,17.3,1365000,179375,101111
189,286,13.9,3.7,15.9,2200000,86875,21765
190,18.7,12.1,23.4,6.7,133571,75625,130000
191,39.5,41.1,5.8,10.8,303846,256875,32222
192,75.5,10.8,6,9.9,539286,72000,33333
193,17.2,4.1,31.6,5.9,122857,29286,197500
194,166.8,42,3.6,19.6,1283077,262500,20000
195,149.7,35.6,6,17.3,1151538,254286,37500
196,38.2,3.7,13.8,7.6,293846,23125,81176
197,94.2,4.9,8.1,9.7,672857,35000,47647
198,177,9.3,6.4,12.8,1264286,66429,40000
199,283.6,42,66.2,25.5,2181538,300000,389412
200,232.1,8.6,8.7,13.4,1657857,53750,51176
201,235.1,47.8,72.2,22.6,1808462,341429,401111
202,49.5,49.3,48.1,14.7,412500,308125,300625
203,22.2,55.9,72.3,14.8,170769,399286,401667
204,156.5,51.3,61.5,19.8,1117857,320625,341667
205,185.8,20.8,61.4,15.2,1429231,148571,341111
206,13.7,58.9,78,15,97857,392667,458824
207,62.5,42.8,26.5,14.1,480769,285333,155882
208,125.2,29.6,14.6,14.3,963077,197333,91250
209,13.6,12.1,4,6,113333,75625,23529
210,204.8,12.6,24.2,14.4,1706667,84000,142353
211,71.1,15.8,27.2,9.2,507857,105333,170000
212,219.7,34,7,19.3,1830833,242857,43750
213,28.8,45.1,68.9,13,205714,322143,405294
214,102.5,17.6,10.2,10.9,732143,117333,63750
215,209.1,42.9,49,20.5,1608462,268125,272222
216,200.4,57.7,55.9,23,1541538,360625,328824
217,72.8,46.6,117,15.1,560000,291250,731250
218,286.4,49.6,58.8,25.2,2386667,330667,326667
219,74.2,30.5,21.3,12.2,530000,217857,133125
220,152.3,33.9,22.1,16.3,1171538,242143,130000
221,223.4,37.7,56.4,20.1,1595714,251333,352500
222,242.4,15.1,26.5,16.6,1731429,94375,165625
223,18.2,25.9,52.6,8.8,151667,172667,328750
224,233.3,26.9,29.2,18.5,1944167,168125,171765
225,67.3,22.6,21.3,10.3,480714,150667,125294
226,267.9,13.5,22.5,17.4,2232500,84375,132353
227,147.9,39.3,15.6,17.2,1232500,262000,91765
228,245.1,26.7,25.9,19,1885385,166875,152353
229,253.8,37.1,25.9,21.4,1812857,265000,143889
230,75.6,26,43.8,11.3,540000,173333,273750
231,297.9,38.3,46.2,23.5,2127857,239375,288750
232,117.9,27.4,41.6,13.5,982500,171250,244706
233,102.2,11.5,33,9.7,786154,71875,194118
234,270.6,30,3.3,20.8,2255000,214286,18333
235,100.7,11.4,10.4,9.6,839167,81429,65000
236,295.7,14.1,11.5,18.7,2464167,100714,63889
237,271.9,53.8,8,25.4,1942143,358667,44444
238,79.7,59.4,48.7,18,613077,396000,304375
239,48.1,36.7,38.1,12.2,343571,244667,224118
240,233,47.7,35,22.5,1664286,318000,205882
241,207.5,32.3,34.6,18.4,1482143,230714,192222
242,182,43.4,41.7,19.4,1516667,289333,231667
243,298.6,37.7,4.8,23.5,2132857,269286,28235
244,211.9,18.4,29.4,15.9,1630000,115000,163333
245,30.1,35.7,46.3,11.2,215000,255000,289375
246,180.1,32.5,34.5,17.2,1500833,203125,215625
247,94.7,19.9,38.7,11,676429,124375,241875
248,244.9,51.5,21.5,23.8,2040833,343333,126471
249,232.2,25.8,52.9,18.2,1935000,184286,311176
250,71.9,21.7,39.8,10.3,553077,135625,234118
251,212.8,10.1,45.6,14.3,1520000,67333,285000
252,113.4,16.6,14.6,11.2,945000,103750,91250
253,229.4,48.7,50.6,22.5,1911667,304375,297647
254,195.6,53.2,69.7,21.9,1630000,354667,435625
255,275.7,35.8,26.9,22.1,2297500,255714,158235
256,211.9,56.4,71,23.2,1513571,402857,394444
257,20.3,35.1,52.4,10.7,145000,250714,308235
258,149.2,26.2,27.6,14.6,1243333,174667,153333
259,223.8,56.6,48.7,23.8,1598571,353750,270556
260,223.7,36.5,20.3,19.9,1720769,228125,112778
261,66.5,9,32.4,7.6,554167,64286,180000
262,274.3,49.7,65.7,24.7,2110000,355000,410625
263,252.3,22.5,38.3,18.4,1940769,140625,225294
264,115.7,36.6,19.4,15.2,964167,244000,107778
265,144.1,49.8,39.9,19,1029286,355714,249375
266,82,16.3,11.9,9.8,630769,101875,66111
267,44.5,31.6,13.2,11.1,370833,197500,82500
268,152.3,21.5,21.2,13.9,1171538,134375,132500
269,250.4,34.5,22,20.7,1926154,246429,129412
270,229.8,50.9,38.2,23,1915000,318125,224706
271,212.1,37.6,49.7,19.6,1631538,235000,292353
272,122.8,21.3,42.7,12.5,877143,152143,266875
273,39.8,40,30.3,12.5,284286,285714,178235
274,142.4,12.7,42.3,11.7,1095385,90714,235000
275,226.4,31.6,24.1,19.1,1617143,197500,133889
276,29.9,50.7,100.4,14.1,249167,316875,627500
277,40.5,8.6,31.7,6.4,337500,61429,186471
278,133.5,35.5,25.2,15.8,1112500,253571,140000
279,18.4,36.9,20.4,11,141538,246000,120000
280,129,14.7,34.1,11.5,992308,98000,213125
281,89.4,33.7,33.3,13.5,745000,240714,185000
282,252.8,11.1,47.9,16.2,2106667,74000,266111
283,88.3,27.3,43.5,12.2,679231,182000,241667
284,81.4,51.5,46.6,16.6,678333,367857,258889
285,226.5,50,44.8,22.7,1887500,312500,248889
286,206.2,25.4,76.7,16.9,1472857,181429,426111
287,89.3,34.5,27,13.6,686923,215625,168750
288,123.7,47.6,74.2,17.6,883571,317333,436471
289,101.3,32.5,84.4,13.7,779231,232143,496471
290,122.8,54.8,62.4,19,944615,365333,367059
291,147.3,11.9,20.3,11.8,1227500,79333,112778
292,41.6,8.5,44,6.4,297143,53125,275000
293,230.7,40.5,70,21,1922500,270000,411765
294,263.9,43.5,83.3,23,2199167,271875,490000
295,120.4,21,21.9,12.4,926154,131250,136875
296,176.3,38.6,63.9,18.2,1356154,257333,355000
297,210.6,10.5,16.9,14.3,1504286,65625,105625
298,197.9,28,33,17.1,1649167,200000,183333
299,302.7,49.3,62.2,25.9,2522500,352143,388750
300,148.2,48.7,56.9,18.9,1058571,347857,334706
301,213.4,5.3,47.8,13.4,1524286,33125,265556
302,287.4,37.3,98.9,22.8,2395000,233125,581765
303,271.2,11.1,19.4,17.1,2260000,79286,114118
304,178.9,18.2,15.9,14.4,1376154,113750,99375
305,229.2,35.3,3.3,20,1763077,235333,18333
306,128.9,47.4,57,17.8,920714,316000,316667
307,16,12,27.7,6,123077,80000,162941
308,81.4,1.3,21.2,6.8,581429,8125,117778
309,4.1,1.4,23.6,3.4,34167,8750,138824
310,246.4,27.9,3.5,19.3,1760000,186000,20588
311,216.8,9.2,54.5,14.3,1667692,65714,340625
312,232.7,39,21.2,20.8,1790000,243750,117778
313,166.7,16.4,0.4,13.5,1190714,117143,2500
314,200.6,21.6,8.7,16,1543077,135000,48333
315,69.2,47.8,32.5,15.3,576667,298750,203125
316,66.1,36,50.7,12.9,472143,225000,281667
317,130.2,15.3,23.6,11.7,930000,102000,131111
318,67.4,1.8,12.8,6.3,518462,12000,75294
319,116.7,37.9,77.2,15.4,833571,252667,482500
320,10.4,17,20.3,6.7,86667,106250,112778
321,132.3,27.8,44.2,14.2,945000,173750,245556
322,9.8,22.7,48.4,7.8,70000,162143,302500
323,215,3.4,13.6,13.1,1653846,24286,85000
324,114.1,35.6,10.4,14.9,815000,254286,65000
325,220.5,33.3,72.2,19.1,1837500,237857,424706
326,78.2,12.8,23.9,8.9,601538,85333,149375
327,1.2,39.9,48.6,10.8,8571,249375,303750
328,71.2,1,7.2,6.3,547692,7143,45000
329,211.3,50,1.2,22,1509286,312500,7059
330,50.6,13,41.1,7.7,421667,92857,228333
331,8.3,40.6,6.7,11.3,59286,290000,41875
332,256.2,3.9,41,15,1970769,24375,256250
333,0.6,28.2,0.1,8.5,4286,201429,625
334,210.8,34.5,43.1,19,1505714,246429,269375
335,27.9,39.6,63.6,11.9,214615,247500,397500
336,39.3,48,6.5,14.1,327500,320000,40625
337,16.6,40,7.3,11.5,127692,250000,40556
338,264.7,29.9,57.7,20.4,2205833,186875,360625
339,34,26.9,18.5,9.7,283333,192143,115625
340,175.9,44.9,0.3,19.5,1256429,280625,1667
341,64.4,18,10.9,9.3,495385,120000,64118
342,184.7,36.4,73.6,18.1,1319286,227500,432941
343,211.5,34.2,35.9,18.9,1510714,213750,199444
344,95.6,6.7,32.4,8.5,735385,41875,180000
345,87.2,15.8,36.9,9.9,726667,105333,230625
346,131.3,2.9,7,9.3,1094167,20714,41176
347,231.1,8.3,6.7,14.8,1650714,51875,39412
348,234.2,50,42.3,23,1672857,312500,264375
349,29,41.3,9.9,12.3,223077,295000,58235
350,35.7,26.8,18.6,9.8,255000,178667,116250
351,284.7,20.9,47,19.5,2372500,139333,293750
352,125,15.4,58.7,11.4,1041667,96250,345294
353,201.6,30.3,24.2,17.7,1440000,216429,134444
354,175.3,46.7,47.7,19.8,1252143,333571,265000
355,191.8,28.1,19.5,16.9,1598333,187333,121875
356,8.1,18.6,15.7,7,62308,132857,98125
357,97.9,50.5,60.5,17.1,699286,360714,336111
358,153.8,8.3,34.3,11.3,1281667,55333,201765
359,15.7,43.9,55.2,12.2,112143,274375,324706
360,135.7,25.4,44.6,13.9,969286,181429,278750
361,176.5,25.1,40.7,15.6,1357692,179286,226111
362,89.7,42.8,59.3,15.2,747500,267500,348824
363,192.4,25.1,35.6,16.3,1480000,179286,197778
364,167.5,43.8,17.4,18.9,1288462,273750,102353
365,121.2,21.7,15.4,12.5,865714,135625,90588
366,238.5,10.4,94.8,15.4,1703571,65000,526667
367,21.9,44.6,31.6,12.6,182500,297333,175556
368,210.8,12.2,29.4,14.6,1621538,76250,163333
369,219.4,30.6,67.6,18.5,1567143,204000,422500
370,288.3,17.6,16.4,19.1,2402500,117333,91111
371,54,18.6,28.4,9,450000,116250,157778
372,168.5,27.9,57.4,15.8,1296154,186000,337647
373,23.6,27.1,27,9.3,168571,193571,168750
374,172.4,14.1,22.8,13.3,1231429,88125,142500
375,226.4,10.4,23.1,15,1741538,65000,135882
376,280.9,55.9,51.8,26.2,2340833,349375,323750
377,252.4,37.2,30.3,21.3,2103333,265714,178235
378,174.2,14.8,45.2,13.5,1244286,92500,265882
379,280.7,9.3,33.7,17.1,2005000,58125,187222
380,169.6,17,27.6,13.7,1211429,121429,153333
381,160.6,9.6,18.3,11.9,1235385,60000,114375
382,222.5,12.4,37.4,15.2,1711538,82667,220000
383,60.2,12.7,39.7,8.1,430000,84667,233529
384,291.6,50,81.8,25.5,2082857,357143,454444
385,257.8,28.3,40,19.8,2148333,188667,235294
386,209,52.1,29.6,22.3,1492857,325625,174118
387,143.5,9.1,36.6,11,1103846,60667,228750
388,195.1,35.7,28.2,18.5,1500769,255000,176250
389,290,20.9,13.7,19.8,2071429,149286,80588
390,22.7,19.1,33.4,7.7,174615,119375,196471
391,43.5,48.1,15.8,14.3,362500,343571,98750
392,79.5,17.8,16,9.9,662500,118667,100000
393,21.2,11.1,41.6,6,176667,74000,260000
394,170.8,49,13.6,20.1,1220000,350000,80000
395,153.7,42.6,16,18.1,1280833,304286,94118
396,42.2,10.7,23.8,6.9,301429,71333,148750
397,98.2,11.9,18.1,9.6,755385,85000,100556
398,181,16.3,16.4,14.1,1508333,108667,96471
399,287.6,49,76.2,25.1,2396667,326667,423333
400,236.1,15.6,18.7,16.4,1686429,104000,103889
401,218.6,35.2,72.7,18.2,1561429,251429,403889
402,42.3,36.5,47.4,11.1,302143,228125,263333
403,16.3,42.7,72.8,11,135833,266875,428235
404,143.9,38.4,61.4,15.6,1027857,274286,383750
405,171.8,10,61.3,11.8,1227143,62500,340556
406,8.3,45.5,78.8,11.2,59286,325000,437778
407,54.6,30.5,24.7,10.6,420000,190625,145294
408,114.2,18.2,12.2,10.9,878462,130000,76250
409,8.2,2,1.1,3.6,63077,12500,6111
410,189.8,2.4,22.3,11.3,1581667,16000,131176
411,62.8,5.4,25.4,6.5,483077,33750,141111
412,204,22.3,4.2,15.4,1700000,159286,26250
413,22.6,32.6,69.2,9.5,173846,217333,432500
414,92.6,7.1,7.6,8.1,712308,44375,44706
415,193.9,30.6,48.3,16.4,1491538,204000,268333
416,185.6,44.4,55.5,18.5,1546667,277500,308333
417,64.4,34,119.7,11.5,536667,242857,704118
418,267.3,36.8,58.6,20.6,2227500,245333,344706
419,65.7,19.1,19.2,9,547500,136429,112941
420,139.9,22.2,20.1,12.7,1076154,148000,118235
421,207.5,25.8,56.1,16.1,1596154,184286,311667
422,225.5,4.7,24.7,13.2,1879167,31333,154375
423,12.5,14.8,52.1,6,104167,98667,325625
424,216.9,15.7,27.5,14.8,1807500,112143,152778
425,59.2,11.7,19.2,7.5,422857,78000,112941
426,249.8,3.3,20.5,14,2081667,23571,120588
427,135.8,27.2,13.2,13.4,1044615,170000,77647
428,228.1,15.5,24,15.2,1629286,103333,141176
429,236.4,25.2,24,17.3,1688571,180000,141176
430,67.1,14.9,42.8,8.3,479286,93125,237778
431,278.3,26.3,45.4,19.2,2140769,187857,283750
432,107.3,16.2,40.5,10.2,766429,108000,225000
433,92.3,1.4,31.5,7,659286,8750,175000
434,252.3,18.6,0.3,16.8,1802143,124000,1667
435,90.9,1.3,7.8,7,757500,9286,43333
436,276.2,3.8,8.9,15.2,1972857,25333,55625
437,253.6,40.7,5.3,20.7,1811429,254375,29444
438,71,45.9,48,13.9,591667,306000,300000
439,40.9,24.8,36.9,9,292143,165333,217059
440,216.6,35.1,33.6,18.2,1805000,219375,186667
441,192.4,20.7,33.2,14.6,1374286,129375,195294
442,168.2,31.1,40.6,15.4,1293846,207333,238824
443,278.9,25.8,1.9,19.2,2324167,184286,11176
444,196.6,7.8,27.7,12.5,1638333,55714,173125
445,23.8,23.9,45.5,8.1,183077,149375,267647
446,166.3,20.9,33.1,13.6,1385833,139333,194706
447,85.2,9.2,37.5,8.1,655385,65714,208333
448,227.9,38.6,19.4,19.3,1753077,257333,114118
449,215.8,14.7,52.4,14.5,1798333,98000,308235
450,63.6,10.9,38.6,7.5,530000,77857,214444
451,205.8,3.3,33.9,12.1,1715000,22000,211875
452,103.4,10.2,3.5,9.1,861667,68000,20588
453,222.9,44.2,38.8,20,1714615,276250,228235
454,188.1,49,57.5,19.4,1446923,326667,338235
455,270.6,30.5,15.6,19.6,2081538,217857,91765
456,204.9,52.4,58.8,20.7,1707500,327500,367500
457,7.5,29.8,40.6,8.4,57692,186250,253750
458,140.3,20.4,16.3,12.4,1002143,127500,95882
459,217.1,52.6,36.9,21.2,1670000,328750,205000
460,217,31.3,9.1,17.5,1669231,195625,50556
461,55.1,2.1,21,5.6,423846,15000,116667
462,269.1,45.3,53.6,22.1,2242500,302000,315294
463,246.5,16.4,26.8,16.1,1896154,109333,148889
464,105.8,31.4,8.2,12.9,755714,209333,48235
465,135,45.4,28.3,16.5,964286,283750,176875
466,71.1,9.9,0.9,7.7,592500,70714,5294
467,32.4,26.1,2.2,8.9,249231,163125,12222
468,143.5,15.4,10,11.7,1025000,110000,62500
469,244.5,29.2,10.8,18.3,1746429,208571,63529
470,223.3,46.5,26.7,20.4,1595000,332143,157059
471,205.1,32.4,37.9,17.2,1465000,216000,222941
472,113.1,15.2,31.1,10.3,807857,95000,194375
473,27.6,35,18.9,10.2,212308,233333,118125
474,133.3,6,30.7,9.6,1025385,40000,191875
475,219.8,26.1,12.8,16.7,1690769,163125,71111
476,17.4,46.3,87.6,11.7,133846,289375,515294
477,28.3,1.7,20.3,4.4,217692,11333,112778
478,124.1,30.2,13.9,13.4,1034167,201333,81765
479,5.6,31.7,9.2,8.7,43077,226429,51111
480,119.5,8.2,22.6,9.4,919231,51250,132941
481,78.7,28.3,21.9,11.2,655833,176875,128824
482,247,4.3,36.2,14,2058333,28667,201111
483,77.6,21.5,31.9,9.9,596923,143333,177222
484,70.5,47.2,34.9,14.1,587500,314667,205294
485,219.9,45.6,33.1,20.1,1570714,325714,183889
486,199,19.5,64.4,14.6,1530769,130000,402500
487,78.6,29.2,15.7,11.3,604615,194667,98125
488,114,43,61.9,15.2,876923,268750,386875
489,90.9,27,71.9,11.4,699231,192857,399444
490,113.1,50.7,50.4,16.5,942500,316875,315000
491,138.3,5.2,9.1,9.7,1063846,32500,56875
492,29.5,1.6,32.3,4.4,226923,11429,190000
493,224.2,35.5,57.8,18.5,1601429,221875,340000
494,258.4,38.7,70.9,20.5,2153333,241875,417059
495,110.6,14.8,10.7,10.2,850769,92500,66875
496,168.2,33.5,51.8,15.8,1201429,223333,304706
497,203.5,3.7,5.8,12.1,1453571,26429,34118
498,190.4,22.3,21.6,14.8,1586667,159286,120000
499,298.4,44.8,50.2,23.3,2295385,280000,278889
500,139.3,44.2,45,16.5,995000,315714,264706
501,218,4.7,46.8,12.9,1557143,33571,275294
502,290.5,39.9,94.8,22,2234615,266000,557647
503,274.6,11.1,20.1,16.4,1961429,74000,125625
504,184.1,18.9,16.8,14,1416154,135000,98824
505,233.4,37.7,5,19.3,1945000,251333,27778
506,135.1,51,55.5,17.5,1039231,364286,326471
507,24.5,12.1,27.9,6.1,188462,75625,155000
508,88.6,0.3,21.8,6.7,681538,2143,121111
509,12.8,0.4,24.1,3.5,98462,2500,133889
510,250.3,29.6,5.2,18.6,2085833,211429,32500
511,221.3,9,53.1,13.8,1702308,60000,295000
512,236.9,41.8,21.8,20.2,1974167,298571,121111
513,172.2,16.9,2.3,13.1,1435000,105625,12778
514,205.4,22.7,10.1,15.5,1467143,162143,56111
515,76.6,51.5,32.4,15.1,589231,321875,202500
516,73.6,38.5,49.5,12.7,525714,275000,309375
517,136.4,15.7,24.1,11.4,1049231,98125,141765
518,74.9,0.9,13.9,6.2,624167,6429,86875
519,123.2,40.6,74.4,15.1,1026667,270667,413333
520,19,17.6,21,6.8,158333,117333,131250
521,138.5,29.5,43.4,13.9,1065385,210714,241111
522,18.4,23.9,47.4,7.9,153333,170714,263333
523,219.5,2.6,14.7,12.6,1567857,18571,86471
524,120.6,38.1,11.7,14.7,927692,238125,73125
525,224.9,35.5,69.7,18.5,1874167,236667,387222
526,85.5,13,24.3,8.8,610714,81250,135000
527,7.6,42.8,47.6,10.7,63333,305714,264444
528,78.6,0,8.6,6.2,604615,1,47778
529,215.9,53.9,3,21.4,1799167,385000,17647
530,58.4,13.2,40.5,7.7,486667,88000,225000
531,0.7,43.6,8.2,10.6,5000,272500,45556
532,259.9,3.2,40.4,14.4,2165833,21333,237647
533,8.2,29.9,2,8.5,63077,186875,12500
534,215.4,36.9,42.4,18.4,1795000,246000,265000
535,36.2,42.5,61.7,11.8,301667,265625,342778
536,47.3,51.7,8,14,337857,344667,50000
537,25.1,42.9,8.7,11.5,193077,306429,48333
538,268.2,31.8,56.1,19.7,2063077,227143,311667
539,42.1,28.5,19.3,9.7,300714,178125,120625
540,181.2,48.3,1.6,19,1510000,301875,9412
541,71.9,18.7,12.1,9.2,553077,116875,75625
542,189.8,38.9,71.1,17.7,1460000,277857,444375
543,216.1,36.5,35.6,18.4,1800833,260714,197778
544,102.5,6.3,32.3,8.3,854167,45000,201875
545,94.3,16.3,36.6,9.7,785833,108667,215294
546,137.5,2.1,8.5,9.1,982143,13125,50000
547,235.3,8,8.2,14.2,1810000,53333,45556
548,238.3,53.9,41.6,22.3,1985833,359333,260000
549,37.2,44.3,11.2,12.3,265714,295333,62222
550,43.8,28.4,19.4,9.7,312857,177500,114118
551,232.4,36.7,64.4,19.1,1660000,244667,402500
552,44.9,38.1,41.9,11.5,374167,238125,232778
553,17.4,44.5,64.4,11.4,124286,278125,402500
554,153,40.1,54.4,16.3,1275000,250625,302222
555,182.6,10.5,54.3,12.4,1304286,70000,319412
556,8.8,47.4,69.8,11.5,67692,296250,387778
557,58.1,31.8,21.9,10.9,484167,212000,121667
558,121.4,19,10.8,11.4,933846,135714,60000
559,8.7,2,0.9,3.7,62143,14286,5000
560,201.8,2.5,19.7,11.8,1681667,16667,109444
561,66.8,5.6,22.5,6.7,556667,35000,140625
562,216.8,23.3,3.7,16.1,1548571,155333,20556
563,24,34,61.3,9.8,171429,226667,360588
564,98.5,7.4,6.7,8.4,703571,46250,39412
565,206.1,31.9,42.8,17.1,1472143,227857,267500
566,197.4,46.3,49.2,19.3,1410000,289375,273333
567,68.5,35.5,106,11.9,570833,253571,623529
568,284.2,38.4,51.9,21.5,2368333,274286,324375
569,69.9,19.9,17,9.3,582500,124375,106250
570,148.8,23.2,17.8,13.2,1240000,165714,111250
571,220.6,26.9,49.7,16.9,1838333,192143,310625
572,239.8,4.9,21.9,13.9,1844615,30625,128824
573,13.3,15.4,46.1,6.2,110833,110000,256111
574,230.6,16.4,24.4,15.5,1921667,102500,143529
575,62.9,12.2,17,7.7,524167,87143,100000
576,265.5,3.4,18.1,14.7,2212500,24286,113125
577,144.3,28.4,11.7,14,1030714,202857,73125
578,242.5,16.2,21.3,15.9,2020833,101250,125294
579,251.3,26.3,21.3,18.1,1933077,164375,133125
580,71.3,15.5,37.9,8.6,548462,110714,222941
581,295.8,27.5,40.2,20.1,2112857,171875,223333
582,114,16.9,35.9,10.7,950000,105625,199444
583,98.2,1.5,27.9,7.3,818333,10000,164118
584,268.3,19.4,0.3,17.6,2063846,129333,1875
585,96.7,1.4,6.9,7.2,805833,10000,43125
586,293.6,4,7.9,16,2258462,26667,49375
587,269.6,42.5,4.7,21.7,2246667,283333,26111
588,75.4,47.9,42.5,14.5,628333,319333,236111
589,43.5,25.9,32.6,9.3,362500,185000,203750
590,230.3,36.6,29.8,19,1771538,261429,175294
591,204.5,21.6,29.4,15.3,1704167,144000,183750
592,178.8,32.4,36,16.1,1375385,231429,225000
593,296.5,26.9,1.7,20.1,2280769,168125,10000
594,209,8.1,24.6,13.1,1741667,54000,144706
595,25.4,24.9,40.3,8.3,211667,166000,223889
596,176.9,21.8,29.3,14.2,1360769,145333,183125
597,90.6,9.6,33.2,8.4,696923,68571,207500
598,242.3,40.3,17.2,20.2,1730714,268667,107500
599,229.5,15.3,46.4,15.2,1912500,102000,257778
600,67.6,11.3,34.2,7.7,482857,70625,201176
601,224.1,43.8,70.2,19.7,1600714,273750,438750
602,38.5,45.3,46.1,12.6,275000,283125,256111
603,11.2,51.9,70.3,12.5,86154,370714,390556
604,145.5,47.3,59.5,17.2,1039286,315333,330556
605,174.8,16.8,59.4,12.6,1248571,120000,330000
606,2.7,54.9,76,12.7,22500,366000,447059
607,51.5,38.8,24.5,12,429167,242500,153125
608,114.2,25.6,12.6,12.2,878462,160000,74118
609,2.6,8.1,2,4.3,20000,50625,11765
610,193.8,8.6,22.2,12.1,1615000,53750,130588
611,60.1,11.8,25.2,7.2,429286,84286,157500
612,208.7,30,5,16.9,1605385,200000,29412
613,17.8,41.1,66.9,10.8,148333,293571,371667
614,91.5,13.6,8.2,9,703846,90667,45556
615,198.1,38.9,47,17.9,1415000,277857,293750
616,189.4,53.7,53.9,20.3,1352857,358000,299444
617,61.8,42.6,115,12.5,441429,304286,638889
618,275.4,45.6,56.8,22.3,2295000,304000,334118
619,63.2,26.5,19.3,10.2,486154,189286,107222
620,141.3,29.9,20.1,14,1177500,186875,111667
621,212.4,33.7,54.4,17.4,1517143,224667,302222
622,231.4,11.1,24.5,14.1,1652857,79286,144118
623,7.2,21.9,50.6,6.8,60000,156429,316250
624,222.3,22.9,27.2,16,1852500,143125,160000
625,56.3,18.6,19.3,8.4,402143,124000,107222
626,256.9,9.5,20.5,14.9,1976154,63333,128125
627,136.9,35.3,13.6,14.9,977857,235333,85000
628,234.1,22.7,23.9,16.4,1950833,141875,132778
629,242.8,33.1,23.9,18.8,1734286,206875,140588
630,64.6,22,41.8,9.2,496923,137500,261250
631,286.9,34.3,44.2,20.7,2390833,245000,245556
632,106.9,23.4,39.6,11.3,763571,167143,220000
633,91.2,7.5,31,7.6,760000,46875,193750
634,259.6,26,1.3,18.3,2163333,185714,7222
635,89.7,7.4,8.4,7.7,640714,49333,49412
636,284.7,10.1,9.5,16.2,2033571,63125,55882
637,260.9,49.8,6,22.8,2174167,311250,33333
638,68.7,55.4,46.7,15.7,572500,346250,259444
639,37.1,32.7,36.1,10.2,285385,218000,200556
640,222,43.7,33,19.9,1707692,291333,183333
641,196.5,28.3,32.6,15.9,1637500,176875,191765
642,171,39.4,39.7,16.9,1425000,246250,220556
643,287.6,33.7,2.8,20.9,2212308,240714,17500
644,200.9,14.4,27.4,13.5,1545385,96000,161176
645,19.1,31.7,44.3,9.2,159167,198125,276875
646,169.1,28.5,32.5,14.8,1409167,203571,203125
647,83.7,15.9,36.7,8.9,597857,99375,215882
648,233.9,47.5,19.5,21.2,1670714,316667,108333
649,221.2,21.8,50.9,15.6,1701538,136250,282778
650,60.9,17.7,37.8,8.3,507500,118000,210000
651,200.8,6.1,36.6,11.8,1434286,43571,215294
652,101.4,12.6,5.6,9.2,845000,84000,35000
653,217.4,44.7,41.6,19.8,1811667,319286,231111
654,183.6,49.2,60.7,19.2,1530000,328000,337222
655,263.7,31.8,17.9,19.4,2197500,198750,111875
656,199.9,52.4,62,20.4,1427857,327500,387500
657,8.3,31.1,43.4,8.6,63846,222143,271250
658,137.2,22.2,18.6,12.4,980000,148000,109412
659,211.8,52.6,39.7,21.1,1512857,328750,233529
660,211.7,32.5,11.3,17.5,1628462,203125,66471
661,54.5,5,23.4,5.7,389286,31250,146250
662,262.3,45.7,56.7,21.7,2185833,285625,315000
663,240.3,18.5,29.3,15.9,2002500,132143,183125
664,103.7,32.6,10.4,13.1,740714,232857,61176
665,132.1,45.8,30.9,16.6,1100833,305333,171667
666,70,12.3,2.9,7.9,500000,76875,18125
667,32.5,27.6,4.2,9.2,270833,197143,23333
668,140.3,17.5,12.2,11.7,1169167,116667,76250
669,238.4,30.5,13,18.2,1833846,203333,76471
670,217.8,46.9,29.2,20.3,1675385,335000,182500
671,200.1,33.6,40.7,17,1667500,224000,239412
672,110.8,17.3,33.7,10.3,852308,123571,187222
673,27.8,36,21.3,10.5,198571,225000,125294
674,130.4,8.7,33.3,9.5,1086667,58000,208125
675,214.4,27.6,15.1,16.6,1531429,184000,94375
676,17.9,46.7,91.4,11.7,137692,291875,537647
677,28.5,4.6,22.7,4.6,203571,32857,133529
678,121.5,31.5,16.2,13.6,867857,225000,95294
679,6.4,32.9,11.4,9.1,45714,235000,63333
680,117,10.7,25.1,9.4,835714,66875,156875
681,77.4,29.7,24.3,11.3,552857,198000,135000
682,240.8,7.1,38.9,13.6,2006667,50714,228824
683,76.3,23.3,34.5,10,586923,145625,215625
684,69.4,47.5,37.6,14.3,495714,296875,235000
685,214.5,46,35.8,20,1787500,287500,210588
686,194.2,21.4,67.7,14.3,1618333,152857,376111
687,77.3,30.5,18,11.5,644167,217857,100000
688,111.7,43.6,65.2,15.1,930833,290667,362222
689,89.3,28.5,75.4,11.2,686923,203571,471250
690,110.8,50.8,53.4,16.5,791429,317500,314118
691,135.3,7.9,11.3,9.7,1040769,56429,62778
692,29.6,4.5,35,4.5,227692,32143,218750
693,218.7,36.5,61,18.2,1562143,228125,381250
694,251.9,39.5,74.3,20,1937692,263333,464375
695,108.4,17,12.9,10.3,774286,113333,75882
696,164.3,34.6,54.9,15.6,1173571,230667,322941
697,198.6,6.5,7.9,12,1655000,43333,49375
698,185.9,24,24,14.7,1327857,160000,150000
699,290.7,45.3,53.2,22.9,2236154,323571,295556
700,136.2,44.7,47.9,16.4,1135000,319286,281765
701,239.4,1.3,58.8,12.4,1995000,8125,326667
702,313.4,33.3,109.9,21.1,2238571,237857,646471
703,297.2,7.1,30.4,16,2286154,50714,190000
704,204.9,14.2,26.9,13.6,1463571,101429,149444
705,255.2,31.3,14.3,19,2126667,208667,84118
706,154.9,43.4,68,16.8,1191538,271250,425000
707,42,8,38.7,5.7,323077,53333,215000
708,107.4,2.7,32.2,7.4,895000,16875,189412
709,30.1,2.6,34.6,4.2,215000,16250,203529
710,272.4,23.9,14.5,18.3,1945714,149375,85294
711,242.8,5.2,65.5,13.2,1734286,32500,409375
712,258.7,35,32.2,19.7,1990000,233333,201250
713,192.7,12.4,11.4,12.9,1376429,88571,63333
714,226.6,17.6,19.7,15.2,1888333,117333,123125
715,95.2,43.8,43.5,14.6,793333,273750,271875
716,92.1,32,61.7,12.1,708462,228571,385625
717,156.2,11.3,34.6,11,1115714,80714,216250
718,93.4,2.2,23.8,6.8,667143,13750,132222
719,142.7,33.9,88.2,14.4,1097692,242143,518824
720,36.4,13,31.3,6.4,280000,86667,173889
721,158.3,23.8,55.2,13.3,1130714,170000,324706
722,35.8,18.7,59.4,7.3,255714,116875,349412
723,241,0.6,24.6,12.5,1853846,3750,153750
724,140.1,31.6,21.4,14.3,1077692,197500,133750
725,246.5,29.3,83.2,17.8,1760714,195333,462222
726,104.2,8.8,34.9,8.4,868333,55000,193889
727,24.8,35.9,59.6,10.1,190769,224375,350588
728,97.2,3,18.2,7.1,694286,20000,113750
729,237.3,46,12.2,21.1,1825385,328571,71765
730,76.6,9,52.1,7.2,638333,60000,306471
731,17.7,36.6,17.7,10.3,147500,244000,104118
732,282.2,0.1,52,13.9,2170769,714,288889
733,25.4,24.2,11.1,8.3,195385,172857,61667
734,236.8,30.5,54.1,17.8,1691429,217857,338125
735,53.9,35.6,74.6,11.2,414615,254286,438824
736,65.3,44,17.5,13.6,466429,293333,102941
737,42.6,36,18.3,11.2,304286,240000,114375
738,290.7,25.9,68.7,19.1,2422500,185000,429375
739,60,22.9,29.5,9.3,428571,163571,173529
740,201.9,40.9,10.7,18.7,1682500,272667,62941
741,90.4,14,21.9,8.9,753333,87500,136875
742,210.7,32.4,84.6,16.9,1505000,231429,497647
743,237.5,30.2,46.9,17.8,1696429,215714,293125
744,121.6,2.7,43.4,7.9,1013333,18000,271250
745,113.2,11.8,47.9,9.2,808571,84286,266111
746,157.3,1.1,18,9.2,1210000,7857,105882
747,257.1,4.3,17.7,13.9,1836429,26875,104118
748,260.2,46,53.3,21.7,2168333,306667,333125
749,55,37.3,20.9,11.9,392857,266429,130625
750,61.7,22.8,29.6,9.4,440714,152000,174118
751,17,3,9,3.9,130769,20000,50000
752,297.7,10.9,46,16.7,2126429,77857,255556
753,138,5.4,57.7,9,985714,38571,339412
754,214.6,20.3,23.2,15.2,1788333,135333,136471
755,188.3,36.7,46.7,17.1,1345000,262143,274706
756,204.8,18.1,18.5,14.4,1575385,120667,115625
757,21.1,8.6,14.7,5.1,175833,57333,81667
758,110.9,40.5,59.5,14.5,792143,270000,350000
759,166.8,1.7,33.3,9.6,1283077,12143,185000
760,28.7,33.9,54.2,9.9,205000,242143,318824
761,148.7,15.4,43.6,11.4,1062143,96250,242222
762,189.5,15.1,39.7,13.1,1579167,100667,248125
763,102.7,32.8,58.3,12.7,790000,205000,342941
764,205.4,15.1,34.6,13.7,1711667,94375,216250
765,180.5,33.8,16.4,16.4,1504167,241429,96471
766,134.2,11.7,14.4,10.3,958571,83571,84706
767,251.5,0.4,93.8,12.4,1934615,2500,551765
768,34.9,34.6,30.6,10.5,268462,216250,170000
769,223.8,2.2,28.4,12.1,1598571,15714,177500
770,232.4,20.6,66.6,15.7,1660000,147143,370000
771,301.3,7.6,15.4,16.4,2317692,54286,85556
772,67,8.6,27.4,6.9,478571,61429,152222
773,181.5,17.9,56.4,13.1,1512500,111875,331765
774,36.6,17.1,26,7.3,281538,106875,144444
775,185.4,4.1,21.8,10.9,1324286,27333,128235
776,239.4,0.4,22.1,12.4,1710000,2857,138125
777,293.9,45.9,50.8,23.1,2260769,286875,298824
778,265.4,27.2,29.3,18.5,2041538,181333,172353
779,187.2,4.8,44.2,11,1560000,32000,260000
780,293.7,0.7,32.7,14.6,2259231,4667,204375
781,182.6,7,26.6,11.3,1304286,50000,166250
782,173.6,0.4,17.3,9.8,1335385,2857,96111
783,235.5,2.4,36.4,12.6,1811538,17143,227500
784,73.2,2.7,38.7,5.9,563077,16875,241875
785,304.6,40,80.8,22.2,2538333,266667,448889
786,270.8,18.3,39,17,2256667,122000,229412
787,222,42.1,28.6,19.6,1850000,263125,168235
788,156.5,0.9,35.6,9,1304167,5625,197778
789,208.1,25.7,27.2,15.9,1734167,183571,151111
790,303,10.9,12.7,17.1,2525000,72667,70556
791,35.7,9.1,32.4,5.7,297500,60667,202500
792,56.5,38.1,14.8,12.2,403571,238125,92500
793,92.5,7.8,15,7.9,770833,52000,88235
794,34.2,1.1,40.6,4,244286,7333,225556
795,183.8,39,12.6,17.6,1413846,278571,78750
796,166.7,32.6,15,15.6,1282308,232857,88235
797,55.2,0.7,22.8,4.9,394286,4375,134118
798,111.2,1.9,17.1,7.5,794286,13571,106875
799,194,6.3,15.4,11.7,1385714,45000,85556
800,300.6,39,75.2,21.9,2505000,260000,470000
801,214,34.8,66.4,19.1,1646154,217500,390588
802,41.4,36.2,43.3,11.6,318462,258571,240556
803,16,42.2,66.5,11.6,114286,263750,415625
804,140.9,38,56.2,16.4,1174167,253333,312222
805,168.1,9.9,56.1,12.3,1200714,61875,330000
806,8.1,45,72,11.8,57857,281250,423529
807,53.5,30.2,22.6,11,382143,188750,132941
808,111.8,18,11.1,11.3,798571,128571,65294
809,8,1.9,1,3.6,66667,12667,5882
810,185.8,2.4,20.4,11.7,1327143,16000,113333
811,61.5,5.3,23.2,6.6,473077,35333,128889
812,199.7,22.1,3.8,16,1664167,157857,21111
813,22.1,32.3,63.3,10,170000,230714,372353
814,90.7,7,6.9,8.3,647857,43750,38333
815,189.8,30.3,44.2,17.2,1581667,216429,260000
816,181.7,43.9,50.8,19.4,1514167,313571,317500
817,63.1,33.7,109.4,12.1,525833,224667,683750
818,261.7,36.4,53.6,21.5,2013077,242667,297778
819,64.4,18.9,17.6,9.3,460000,118125,103529
820,137,22,18.3,13.2,1053846,137500,107647
821,203.1,25.5,51.3,16.8,1562308,159375,320625
822,220.8,4.7,22.6,13.7,1698462,29375,141250
823,12.3,14.6,47.6,6.2,102500,91250,297500
824,212.3,15.5,25.2,15.4,1769167,96875,140000
825,57.9,11.6,17.6,7.7,445385,72500,97778
826,244.5,3.2,18.7,14.5,2037500,21333,110000
827,132.9,27,12.1,14,949286,168750,71176
828,223.3,15.4,22,15.8,1717692,110000,122222
829,231.4,24.9,22,18,1928333,177857,129412
830,65.7,14.7,39.2,8.6,547500,105000,245000
831,272.4,26,41.5,20.1,1945714,162500,259375
832,105,16,37.1,10.6,807692,114286,218235
833,90.4,1.4,28.8,7.2,753333,8750,160000
834,247,18.4,0.3,17.5,2058333,122667,1667
835,89,1.3,7.1,7.1,635714,8667,44375
836,270.4,3.8,8.2,15.7,2253333,27143,51250
837,248.2,40.3,4.8,21.7,2068333,268667,26667
838,69.5,45.4,43.9,14.6,496429,283750,258235
839,40.1,24.6,33.7,9.3,286429,175714,198235
840,212,34.7,30.7,19,1514286,247857,170556
841,188.3,20.5,30.3,15.2,1345000,136667,189375
842,164.6,30.7,37.2,16.1,1266154,204667,232500
843,273,25.5,1.7,20,2100000,182143,10625
844,192.4,7.7,25.3,13,1480000,51333,140556
845,23.3,23.6,41.6,8.4,179231,147500,244706
846,162.8,20.7,30.2,14.1,1356667,129375,167778
847,83.4,9.1,34.3,8.3,641538,65000,190556
848,223.1,38.2,17.8,20.2,1716154,238750,98889
849,211.3,14.5,47.9,15.1,1625385,90625,266111
850,62.2,10.8,35.3,7.7,518333,77143,196111
851,203.8,3.2,37,12.6,1455714,21333,217647
852,102.4,9.9,3.9,9.3,731429,70714,21667
853,220.7,43,42.4,21,1576429,286667,249412
854,186.3,47.6,62.8,20.3,1330714,317333,369412
855,268,29.7,17,20.6,2233333,212143,100000
856,202.9,50.9,64.2,21.7,1690833,363571,401250
857,7.4,28.9,44.3,8.7,52857,206429,260588
858,138.9,19.8,17.8,12.9,1068462,123750,111250
859,215,51.1,40.3,22.2,1791667,340667,251875
860,214.9,30.4,10,18.3,1790833,190000,62500
861,54.6,2.1,22.9,5.7,390000,15000,143125
862,266.5,44,58.5,23.2,1903571,293333,344118
863,244.1,16,29.2,16.9,1743571,114286,171765
864,104.8,30.5,9,13.4,873333,203333,50000
865,133.7,44.1,30.9,17.3,1028462,315000,181765
866,70.4,9.6,1,7.9,586667,60000,5556
867,32.1,25.3,2.4,9.1,246923,158125,15000
868,142.1,14.9,10.9,12.1,1015000,93125,68125
869,242.1,28.3,11.8,19.1,1862308,188667,69412
870,221.1,45.2,29.1,21.4,1579286,301333,171176
871,203.1,31.5,41.4,18,1450714,196875,243529
872,112,14.7,33.9,10.7,861538,98000,199412
873,27.3,34,20.7,10.5,227500,212500,129375
874,132,5.9,33.5,9.9,1015385,42143,209375
875,217.7,25.3,14,17.5,1555000,168667,77778
876,17.2,45,95.7,12.2,143333,321429,531667
877,28.1,1.6,22.1,4.4,216154,10000,138125
878,122.9,29.4,15.2,14,1024167,183750,89412
879,5.5,30.8,10.1,9,45833,220000,63125
880,118.3,7.9,24.7,9.7,910000,52667,154375
881,77.9,27.5,23.9,11.6,599231,196429,149375
882,244.6,4.2,39.5,14.7,2038333,26250,246875
883,76.8,20.9,34.8,10.3,590769,139333,204706
884,69.8,45.8,38.1,14.7,498571,286250,224118
885,217.8,44.3,36.2,21.1,1675385,316429,201111
886,197.1,19,70.3,15.3,1516154,118750,390556
887,77.8,28.3,17.1,11.7,555714,176875,100588
888,112.9,41.8,67.6,15.9,940833,261250,397647
889,90.1,26.3,78.5,11.9,750833,175333,461765
890,112,49.2,55,17.2,933333,328000,323529
891,137,5,10,10,978571,35714,55556
892,29.2,1.5,35.3,4.5,224615,10000,196111
893,222.1,34.5,63.1,19.4,1708462,246429,394375
894,255.9,37.6,77.4,21.5,1968462,235000,430000
895,109.5,14.4,11.7,10.5,912500,102857,68824
896,166.6,32.5,56.6,16.5,1190000,232143,353750
897,201.6,3.6,6.3,12.6,1680000,24000,35000
898,188.6,21.6,23.5,15.4,1347143,144000,138235
899,295.5,43.6,54.8,24.4,2273077,272500,342500
900,137.9,43,49.1,17.2,1060769,307143,288824
901,215.7,4.8,50.3,13.5,1540714,32000,314375
902,287.5,40.3,101.9,23.4,2395833,251875,636875
903,271.8,11.2,21.6,17.2,2090769,70000,135000
904,182.3,19.1,18.1,14.7,1302143,136429,106471
905,231.1,38.1,5.4,20.5,1777692,272143,31765
906,133.8,51.5,59.6,18.7,955714,321875,331111
907,24.3,12.2,30,6.3,186923,81333,176471
908,87.7,0.3,23.4,6.9,730833,2143,137647
909,12.7,0.4,25.9,3.5,105833,2500,143889
910,247.7,29.9,5.6,19.7,1905385,213571,35000
911,219,9.1,57.1,14.4,1825000,65000,335882
912,234.4,42.2,23.4,21.4,1803077,301429,137647
913,170.4,17.1,2.4,13.8,1217143,114000,15000
914,203.3,22.9,10.8,16.4,1563846,152667,60000
915,75.9,51.9,34.8,16.1,632500,346000,217500
916,72.8,38.9,53.2,13.5,520000,259333,332500
917,135,15.9,25.9,12,964286,106000,161875
918,74.1,0.9,14.9,6.4,617500,6429,82778
919,121.9,41,80,16.1,937692,273333,500000
920,18.8,17.8,22.5,7.1,144615,127143,140625
921,137.1,29.7,46.7,14.7,1142500,198000,274706
922,18.2,24.1,50.9,8.3,130000,160667,282778
923,217.3,2.7,15.8,13.1,1671538,16875,87778
924,119.4,38.4,12.5,15.5,918462,240000,69444
925,222.6,35.9,74.9,19.7,1712308,256429,416111
926,84.6,13.1,26.2,9.2,650769,93571,145556
927,7.6,43.2,51.1,11.4,58462,270000,283889
928,77.8,0,9.3,6.4,598462,1,54706
929,213.7,54.4,3.2,22.8,1643846,340000,20000
930,57.8,13.3,43.5,8,481667,95000,271875
931,0.7,44,8.8,11.3,5000,275000,51765
932,257.2,3.2,43.4,15,1978462,22857,271250
933,8.1,30.2,2.1,9,57857,188750,11667
934,213.2,37.2,45.6,19.5,1776667,248000,268235
935,35.8,42.8,66.3,12.6,255714,285333,414375
936,46.9,52.2,8.6,14.9,360769,372857,50588
937,24.8,43.3,9.4,12.2,177143,309286,58750
938,265.5,32.1,60.3,20.9,2042308,200625,376875
939,41.7,28.7,20.7,10.2,347500,205000,115000
940,179.4,48.7,1.7,20.2,1495000,304375,9444
941,71.2,18.9,13,9.7,547692,126000,76471
942,187.9,39.3,76.4,18.8,1342143,280714,449412
943,213.9,36.9,38.3,19.5,1645385,230625,212778
944,101.5,6.3,34.7,8.6,780769,39375,216875
945,93.3,16.4,39.3,10.2,777500,109333,245625
946,136.1,2.1,9.1,9.4,1134167,15000,56875
947,232.9,8.1,8.8,14.9,1663571,57857,55000
948,235.9,54.4,44.7,23.8,1685000,340000,279375
949,36.9,44.7,12,13,307500,319286,70588
950,43.4,28.6,20.8,10.2,361667,204286,130000
951,275.1,13.8,35.9,17.9,2292500,92000,211176
952,118.6,8.3,47.2,9.8,988333,59286,262222
953,193.6,23.1,13.8,16,1382857,144375,81176
954,167.9,39.3,36.6,17.9,1291538,245625,228750
955,184,20.9,9.2,15.1,1314286,139333,51111
956,4,11.5,5.5,5.2,33333,71875,34375
957,92,43.1,49,15.2,707692,269375,306250
958,146.8,1.3,23.6,9.7,1048571,8125,138824
959,11.5,36.5,43.8,10.3,82143,243333,273750
960,129.1,18.2,33.6,12.1,922143,121333,197647
961,169.1,17.9,29.8,13.9,1300769,119333,175294
962,84,35.4,47.8,13.4,646154,236000,298750
963,184.6,17.9,24.8,14.6,1538333,111875,155000
964,160.2,36.4,7.2,17,1335000,260000,42353
965,114.9,14.6,5.2,10.8,883846,104286,30588
966,229.8,3.4,82.3,13.8,1915000,22667,457222
967,17.5,37.2,21,10.7,125000,248000,123529
968,202.7,5.1,18.8,12.9,1447857,31875,117500
969,211.1,23.4,55.9,16.8,1507857,156000,349375
970,278.6,10.5,6.2,17.4,2321667,65625,38750
971,49,11.5,17.8,7.2,408333,82143,111250
972,161.2,20.7,46,14,1240000,138000,270588
973,19.2,19.9,16.5,7.5,160000,132667,103125
974,165,7,12.4,11.6,1375000,43750,77500
975,218,3.4,12.7,13.3,1676923,22667,70556
976,271.4,48.4,40.5,24.3,1938571,345714,253125
977,243.4,29.9,19.7,19.5,2028333,213571,109444
978,166.8,7.7,34.1,11.8,1191429,55000,213125
979,271.2,2.3,23,15.5,2260000,15333,143750
980,162.3,9.9,17.1,12,1159286,70714,100588
981,153.5,2.6,8.1,10.3,1180769,18571,45000
982,214.1,5.3,26.6,13.5,1646923,37857,166250
983,55.1,5.6,28.8,6.4,459167,35000,160000
984,281.8,42.6,69.6,23.6,2012857,266250,435000
985,248.7,21.1,29.1,18.1,1776429,150714,181875
986,200.9,44.6,19,20.4,1674167,278750,111765
987,136.7,2.1,25.8,9.4,976429,15000,161250
988,187.3,28.4,17.7,16.7,1560833,177500,110625
989,280.3,13.8,3.6,18.1,2156154,98571,22500
990,18.3,12,22.7,6,140769,85714,126111
991,38.7,40.7,5.6,12.3,322500,271333,35000
992,74,10.7,5.8,8.2,569231,66875,34118
993,16.9,4.1,30.7,4.4,120714,27333,180588
994,163.5,41.6,3.5,18.1,1167857,277333,21875
995,146.7,35.2,5.8,16.1,1128462,220000,36250
996,37.4,3.7,13.4,5.2,287692,26429,74444
997,92.3,4.9,7.9,7.9,659286,35000,49375
998,173.5,9.2,6.2,12.4,1239286,61333,34444
999,277.9,41.6,64.2,23.3,2315833,297143,401250
1000,227.5,8.5,8.4,14.7,1750000,56667,52500